{
  "schema_version": 1,
  "task": "FanfanOmniForceCoordCfg",
  "checkpoint": "/home/nszb/gym/unitree_rl_gym/logs/rough_fanfan_omni_desat_torque/Jul13_20-15-55_force_coord_from_heading_bound_5100/model_5280.pt",
  "dimensions": {
    "observations": 52,
    "actions": 12
  },
  "joint_names": [
    "FL_hip_joint",
    "FL_thigh_joint",
    "FL_calf_joint",
    "FR_hip_joint",
    "FR_thigh_joint",
    "FR_calf_joint",
    "RL_hip_joint",
    "RL_thigh_joint",
    "RL_calf_joint",
    "RR_hip_joint",
    "RR_thigh_joint",
    "RR_calf_joint"
  ],
  "default_joint_angles": [
    0.0,
    0.563,
    -0.95,
    0.0,
    0.563,
    -0.95,
    0.0,
    0.563,
    -0.95,
    0.0,
    0.563,
    -0.95
  ],
  "initial_state": {
    "base_position": [
      0.0,
      0.0,
      0.295
    ],
    "base_quaternion_xyzw": [
      0.0,
      0.0,
      0.0,
      1.0
    ]
  },
  "control": {
    "sim_dt": 0.005,
    "decimation": 4,
    "stiffness": [
      60.0,
      70.0,
      70.0,
      60.0,
      70.0,
      70.0,
      60.0,
      70.0,
      70.0,
      60.0,
      70.0,
      70.0
    ],
    "damping": [
      1.2,
      1.6,
      1.6,
      1.2,
      1.6,
      1.6,
      1.2,
      1.6,
      1.6,
      1.2,
      1.6,
      1.6
    ],
    "filter_policy_actions": true,
    "policy_action_filter_alpha": 0.26,
    "policy_action_rate_limits": [
      8.333333333333334,
      7.073170731707317,
      11.463414634146343,
      8.333333333333334,
      7.073170731707317,
      11.463414634146343,
      8.333333333333334,
      7.073170731707317,
      11.463414634146343,
      8.333333333333334,
      7.073170731707317,
      11.463414634146343
    ],
    "policy_action_accel_limits": [
      288.8888888888889,
      234.14634146341464,
      400.0,
      288.8888888888889,
      234.14634146341464,
      400.0,
      288.8888888888889,
      234.14634146341464,
      400.0,
      288.8888888888889,
      234.14634146341464,
      400.0
    ],
    "action_scale": [
      0.092,
      0.215,
      0.215,
      0.092,
      0.215,
      0.215,
      0.092,
      0.235,
      0.235,
      0.092,
      0.235,
      0.235
    ],
    "torque_limits": [
      10.0,
      10.0,
      13.0,
      10.0,
      10.0,
      13.0,
      10.0,
      10.0,
      13.0,
      10.0,
      10.0,
      13.0
    ],
    "output_transform": "tanh"
  },
  "observations": {
    "clip": 100.0,
    "lin_vel_scale": 2.0,
    "ang_vel_scale": 0.25,
    "dof_pos_scale": 1.0,
    "dof_vel_scale": 0.05,
    "command_scale": [
      2.0,
      2.0,
      0.25
    ],
    "layout": [
      "base_lin_vel",
      "base_ang_vel",
      "projected_gravity",
      "commands",
      "dof_pos_error",
      "dof_vel",
      "previous_actions",
      "gait_phase_sin_cos",
      "heading_error_sin_cos"
    ]
  },
  "commands": {
    "default": [
      0.0,
      0.0,
      0.0
    ],
    "heading_command": false,
    "observe_heading_error": true,
    "ranges": {
      "lin_vel_x": [
        -0.12,
        0.46
      ],
      "lin_vel_y": [
        -0.12,
        0.12
      ],
      "ang_vel_yaw": [
        -0.85,
        0.85
      ]
    },
    "default_heading": 0.0,
    "heading_gain": 0.5
  },
  "gait": {
    "period": 0.54,
    "stance_ratio": 0.62,
    "thigh_amplitude": 0.0,
    "calf_amplitude": -0.3,
    "gate_with_command": true,
    "command_gate_sigma": 0.0004,
    "phase_offsets": {
      "FL": 0.0,
      "FR": 0.5,
      "RL": 0.5,
      "RR": 0.0
    }
  },
  "episode_length_s": 20
}
